timestamp,zone_id,vehicle_count,AQI,energy_consumption,anomaly_score
2024-02-27 19:00:00,Z1,8539.5,137.29999999999998,827.5624999999999,-0.08200264708647398
2024-02-11 21:00:00,Z4,2006.0,28.7,823.2,-0.06512484863348056
2024-06-08 21:00:00,Z4,2638.0,32.2,823.0,-0.06275175222913376
2024-01-19 17:00:00,Z6,8539.5,137.29999999999998,544.8,-0.06146471502933892
2024-01-22 17:00:00,Z6,8539.5,137.29999999999998,548.7,-0.057336191918620605
2024-02-27 20:00:00,Z1,8539.5,121.2,827.5624999999999,-0.056119444938116825
2024-04-13 21:00:00,Z4,3393.0,35.6,827.5624999999999,-0.053815644062506496
2024-05-18 21:00:00,Z1,1639.0,57.8,827.5624999999999,-0.05329681070338421
2024-06-02 21:00:00,Z4,3120.0,36.5,827.5624999999999,-0.05182387744001293
2024-04-29 18:00:00,Z4,8539.5,116.8,827.5624999999999,-0.04909723142666034
2024-01-07 21:00:00,Z4,2553.0,51.1,811.2,-0.04886038039977536
2024-02-18 21:00:00,Z1,1855.0,46.7,827.5624999999999,-0.04837569174095291
2024-06-19 20:00:00,Z3,8539.5,132.6,744.7,-0.04808245599225003
2024-01-22 18:00:00,Z6,8539.5,137.29999999999998,735.7,-0.04760507483538878
2024-02-27 18:00:00,Z1,8539.5,115.8,827.5624999999999,-0.047045008432864854
2024-04-21 21:00:00,Z1,2298.0,79.3,827.5624999999999,-0.04692123410112037
2024-02-01 18:00:00,Z5,8539.5,130.5,751.8,-0.04686573645322667
2024-02-26 19:00:00,Z3,8539.5,132.8,739.8,-0.04623437523887919
2024-02-01 20:00:00,Z5,8539.5,136.9,733.4,-0.04623104703882708
2024-02-29 08:00:00,Z1,8539.5,135.1,714.8,-0.04525829655526903
2024-02-26 18:00:00,Z3,8539.5,137.29999999999998,769.1,-0.04488242238535267
2024-02-26 17:00:00,Z3,8539.5,137.29999999999998,571.6,-0.04463334639335759
2024-05-26 21:00:00,Z4,2019.0,33.8,827.5624999999999,-0.044632844898086166
2024-01-10 08:00:00,Z6,8525.0,137.29999999999998,574.2,-0.04441592649968895
2024-05-10 08:00:00,Z1,8539.5,137.29999999999998,716.6,-0.04408074955523211
2024-03-14 17:00:00,Z6,7957.0,137.29999999999998,540.5,-0.04398902976440222
2024-06-18 17:00:00,Z6,7576.0,137.29999999999998,532.4,-0.04386992262569467
2024-01-02 07:00:00,Z1,8539.5,134.5,701.4,-0.043739738251927895
2024-05-26 21:00:00,Z1,1519.0,43.1,827.5624999999999,-0.0433682850011049
2024-01-22 20:00:00,Z6,8539.5,137.29999999999998,695.8,-0.04315769358548127
2024-06-15 21:00:00,Z4,2818.0,41.6,827.5624999999999,-0.04298600270909936
2024-06-23 21:00:00,Z1,1608.0,58.2,827.5624999999999,-0.042931639985627656
2024-05-19 21:00:00,Z4,2678.0,45.2,827.5624999999999,-0.04270312293860712
2024-04-30 20:00:00,Z4,7935.0,64.9,827.5624999999999,-0.04255087323187079
2024-05-05 21:00:00,Z4,3388.0,46.5,827.5624999999999,-0.04057540811171545
2024-05-02 08:00:00,Z2,8539.5,137.29999999999998,606.6,-0.03925978269012764
2024-02-06 08:00:00,Z3,8539.5,135.0,597.0,-0.03874487643343649
2024-02-29 07:00:00,Z1,8539.5,134.4,717.1,-0.03860561929949591
2024-02-06 09:00:00,Z3,8539.5,137.29999999999998,611.9,-0.037778919436204594
2024-02-01 17:00:00,Z6,7785.0,137.29999999999998,535.1,-0.03773055750491161
2024-03-29 20:00:00,Z6,8187.0,137.29999999999998,745.2,-0.037359365540595046
2024-06-26 17:00:00,Z6,8243.0,137.29999999999998,540.4,-0.037330601809383746
2024-03-30 21:00:00,Z1,2094.0,52.8,827.5624999999999,-0.037234194702106094
2024-03-15 19:00:00,Z4,8539.5,72.5,820.8,-0.03712180971222223
2024-02-14 19:00:00,Z6,8291.0,137.29999999999998,712.7,-0.03644100934896077
2024-06-21 07:00:00,Z3,8539.5,132.9,600.7,-0.036184219110085736
2024-03-10 21:00:00,Z4,3169.0,43.0,827.5624999999999,-0.03566894440230728
2024-02-24 01:00:00,Z4,1721.0,36.8,683.4,-0.03556239836146835
2024-01-22 19:00:00,Z6,8539.5,137.29999999999998,691.2,-0.03516544084641371
2024-05-04 21:00:00,Z4,2657.0,31.7,807.1,-0.03512293456715099
2024-01-02 09:00:00,Z1,8539.5,137.29999999999998,633.7,-0.035023854581480385
2024-02-01 07:00:00,Z6,8404.0,137.29999999999998,598.3,-0.03461045198503476
2024-06-28 09:00:00,Z6,7783.0,137.29999999999998,525.1,-0.03439782838508165
2024-02-08 17:00:00,Z6,7678.0,137.29999999999998,535.0,-0.03398890990635095
2024-04-15 19:00:00,Z6,8128.0,137.29999999999998,747.7,-0.03393990858343554
2024-06-12 20:00:00,Z4,8539.5,75.3,827.5624999999999,-0.03347726902118353
2024-02-02 17:00:00,Z6,7802.0,137.29999999999998,546.7,-0.03335273779901793
2024-01-19 18:00:00,Z4,8539.5,70.1,827.5624999999999,-0.033102890036502464
2024-05-04 21:00:00,Z3,1583.0,58.1,766.2,-0.03306997561976488
2024-05-14 18:00:00,Z4,8539.5,85.1,827.5624999999999,-0.03282881193159204
2024-04-05 09:00:00,Z6,8408.0,137.29999999999998,613.9,-0.03257244410137827
2024-01-02 08:00:00,Z6,8060.0,137.29999999999998,554.0,-0.03240555335769835
2024-03-07 20:00:00,Z4,8539.5,86.1,827.5624999999999,-0.032402029768684004
2024-02-24 21:00:00,Z4,3585.0,46.3,816.6,-0.032344026442688634
2024-06-09 21:00:00,Z4,3371.0,38.7,822.7,-0.032180243008192
2024-05-17 21:00:00,Z4,4015.0,43.4,827.5624999999999,-0.03146436580159517
2024-05-08 19:00:00,Z4,8539.5,80.4,827.5624999999999,-0.03145182987914119
2024-06-03 20:00:00,Z4,8539.5,93.9,827.5624999999999,-0.03114104310926946
2024-02-16 18:00:00,Z6,8015.0,137.29999999999998,733.0,-0.03089023757220366
2024-05-10 18:00:00,Z4,8289.0,56.0,812.3,-0.030651573465434567
2024-02-16 09:00:00,Z5,8539.5,129.3,607.4,-0.030533715222110902
2024-06-16 10:00:00,Z2,1264.0,27.8,546.2,-0.03038762756690183
2024-01-01 18:00:00,Z4,8539.5,75.9,827.5624999999999,-0.030323109391564573
2024-03-13 19:00:00,Z4,8539.5,75.9,827.5624999999999,-0.030323109391564573
2024-01-02 08:00:00,Z1,8539.5,130.4,654.4,-0.030268534277670955
2024-05-23 18:00:00,Z4,8539.5,75.5,827.5624999999999,-0.030236057615925405
2024-04-29 19:00:00,Z4,8539.5,107.7,818.5,-0.030060878332330287
2024-01-20 21:00:00,Z4,2717.0,39.1,827.5624999999999,-0.029665204583158467
2024-01-16 20:00:00,Z4,8539.5,62.8,820.5,-0.029489638200873247
2024-06-15 21:00:00,Z1,2070.0,55.8,827.5624999999999,-0.029479048854907708
2024-05-02 07:00:00,Z2,8539.5,129.4,649.5,-0.029418720763836115
2024-06-28 19:00:00,Z6,8441.0,137.29999999999998,729.3,-0.029115425062929523
2024-04-26 19:00:00,Z4,8539.5,69.7,827.5624999999999,-0.02908214500873063
2024-02-21 17:00:00,Z6,7849.0,137.29999999999998,506.6,-0.028841650797367113
2024-04-14 04:00:00,Z4,2043.0,38.5,713.3,-0.02855193813217749
2024-02-18 21:00:00,Z4,2886.0,35.1,827.5624999999999,-0.028268275244368368
2024-01-03 09:00:00,Z6,7437.0,137.29999999999998,530.8,-0.02815196227644834
2024-02-14 07:00:00,Z6,8121.0,137.29999999999998,574.3,-0.027798060516821876
2024-04-17 20:00:00,Z6,8023.0,137.29999999999998,726.2,-0.027714026882366016
2024-05-21 17:00:00,Z6,7731.0,137.29999999999998,544.7,-0.027597436585585333
2024-02-13 18:00:00,Z6,8063.0,137.29999999999998,722.8,-0.027396667092552507
2024-06-16 10:00:00,Z5,955.0,22.1,554.1,-0.02713471935784728
2024-06-23 21:00:00,Z4,3104.0,42.8,812.6,-0.027112018289884077
2024-02-13 20:00:00,Z4,8539.5,76.4,809.5,-0.027033264813166258
2024-05-01 18:00:00,Z4,8539.5,79.7,801.5,-0.02669807740815644
2024-04-06 21:00:00,Z2,2249.0,65.5,783.5,-0.026677883543226755
2024-02-07 20:00:00,Z4,8539.5,69.0,827.5624999999999,-0.026655716945972685
2024-02-03 21:00:00,Z4,3080.0,46.0,827.5624999999999,-0.02651761507148953
2024-05-10 20:00:00,Z6,7583.0,137.29999999999998,751.4,-0.026108949092746525
2024-06-17 19:00:00,Z4,8539.5,83.4,801.1,-0.026063868353524144
2024-04-07 21:00:00,Z3,1576.0,69.4,806.6,-0.025950342176837782
2024-01-22 18:00:00,Z4,8539.5,74.8,818.8,-0.025824514357831174
2024-02-11 21:00:00,Z1,1966.0,53.8,827.5624999999999,-0.025805026733809577
2024-06-03 20:00:00,Z6,7405.0,132.6,768.4,-0.025759952644263118
2024-01-11 17:00:00,Z6,7897.0,137.29999999999998,532.6,-0.025476689283648102
2024-06-07 08:00:00,Z6,7976.0,137.29999999999998,570.7,-0.025465594970728977
2024-04-02 17:00:00,Z6,7990.0,137.29999999999998,574.4,-0.025465594970728977
2024-04-09 20:00:00,Z1,7821.0,118.2,827.5624999999999,-0.02533125830695815
2024-01-19 16:00:00,Z6,6360.0,135.5,510.1,-0.025321463928020704
2024-06-08 21:00:00,Z1,1798.0,49.5,827.5624999999999,-0.025215429584841575
2024-06-11 18:00:00,Z4,8539.5,81.6,805.8,-0.025203734234208852
2024-05-23 19:00:00,Z4,8539.5,65.4,790.5,-0.02488453328364404
2024-06-22 21:00:00,Z4,2442.0,38.6,827.5624999999999,-0.02487306521637389
2024-03-25 20:00:00,Z6,7991.0,137.29999999999998,783.6,-0.02480543291738313
2024-04-29 17:00:00,Z6,7463.0,137.29999999999998,539.6,-0.024748273853150482
2024-05-03 17:00:00,Z6,8244.0,137.29999999999998,540.3,-0.024632276999071445
2024-02-23 20:00:00,Z6,8174.0,137.29999999999998,738.2,-0.02448332721403712
2024-04-25 19:00:00,Z6,7842.0,137.0,750.0,-0.02414311142101555
2024-02-14 17:00:00,Z6,8136.0,137.29999999999998,537.7,-0.0238550535477976
2024-06-27 09:00:00,Z6,7298.0,137.29999999999998,530.5,-0.02363812838907764
2024-01-10 07:00:00,Z2,8539.5,124.3,566.7,-0.023403918873970864
2024-04-29 20:00:00,Z4,8539.5,101.8,807.4,-0.023370696984698514
2024-02-26 17:00:00,Z6,7312.0,137.29999999999998,552.4,-0.023274155759696824
2024-02-04 21:00:00,Z4,3015.0,42.1,826.6,-0.023069100059349812
2024-06-20 17:00:00,Z6,8142.0,137.29999999999998,570.9,-0.022831482647277634
2024-02-23 09:00:00,Z6,8152.0,137.29999999999998,602.4,-0.02243554673131054
2024-02-22 17:00:00,Z6,6703.0,136.9,531.7,-0.022214927667887685
2024-02-09 20:00:00,Z6,7431.0,137.29999999999998,742.5,-0.02209396067660674
2024-02-25 21:00:00,Z1,2065.0,44.4,827.5624999999999,-0.022058468928535357
2024-05-29 19:00:00,Z6,7990.0,137.29999999999998,702.8,-0.02202370300236034
2024-05-09 17:00:00,Z6,7467.0,136.4,545.4,-0.021926515205316188
2024-03-30 21:00:00,Z5,2277.0,62.2,815.7,-0.021816643314220396
2024-04-25 19:00:00,Z1,7933.0,116.1,827.5624999999999,-0.02179894223700296
2024-04-27 20:00:00,Z4,4404.0,25.6,827.5624999999999,-0.021795515401725418
2024-06-24 07:00:00,Z6,7818.0,137.29999999999998,533.3,-0.02177593168202574
2024-04-27 21:00:00,Z4,3025.0,45.5,827.5624999999999,-0.02171770402921136
2024-01-10 18:00:00,Z4,8539.5,91.0,810.5,-0.021687596768667827
2024-05-06 20:00:00,Z4,8245.0,68.8,827.5624999999999,-0.02160348079080021
2024-02-19 17:00:00,Z6,7746.0,137.29999999999998,532.5,-0.021572245259730782
2024-05-17 19:00:00,Z4,8539.5,83.3,827.5624999999999,-0.02143673607566321
2024-05-02 20:00:00,Z6,7842.0,137.29999999999998,723.3,-0.021270716977868864
2024-05-21 09:00:00,Z6,7417.0,137.29999999999998,549.1,-0.02119930418329008
2024-03-13 18:00:00,Z6,7162.0,137.29999999999998,742.1,-0.021172636703051695
2024-05-02 09:00:00,Z2,8539.5,127.7,613.4,-0.021060000803248213
2024-04-25 18:00:00,Z4,8539.5,87.5,827.5624999999999,-0.02099315537716706
2024-02-07 08:00:00,Z6,7862.0,137.29999999999998,567.1,-0.020971591278471258
2024-01-16 18:00:00,Z4,8539.5,83.4,819.9,-0.020901145576039726
2024-01-30 19:00:00,Z4,8539.5,70.7,819.4,-0.02062693935985771
2024-01-18 20:00:00,Z6,7810.0,137.29999999999998,714.0,-0.02062376493363005
2024-06-27 07:00:00,Z6,7789.0,135.7,578.1,-0.020596779857878555
2024-06-23 16:00:00,Z2,1777.0,56.4,540.0,-0.020505967203904185
2024-02-27 17:00:00,Z1,8539.5,127.1,649.5,-0.0202724532742512
2024-02-01 08:00:00,Z6,7742.0,137.29999999999998,561.7,-0.020013596378974707
2024-06-28 08:00:00,Z6,6962.0,132.7,528.9,-0.019941242082402888
2024-05-03 17:00:00,Z2,8539.5,122.4,568.5,-0.019877718131809052
2024-01-13 21:00:00,Z4,3435.0,46.6,826.7,-0.019866265808776706
2024-04-24 17:00:00,Z6,7960.0,137.29999999999998,552.1,-0.019759298025155303
2024-06-24 09:00:00,Z6,8096.0,137.29999999999998,539.4,-0.019649793857322684
2024-03-02 21:00:00,Z4,2977.0,45.2,827.5624999999999,-0.019581414663882524
2024-01-27 05:00:00,Z4,2249.0,32.8,684.7,-0.01955704580837614
2024-01-25 19:00:00,Z4,7816.0,51.6,817.9,-0.019519669593758393
2024-03-12 18:00:00,Z2,8518.0,126.0,749.9,-0.019441523653164317
2024-04-03 18:00:00,Z6,7763.0,137.29999999999998,733.4,-0.019246053485799774
2024-05-24 17:00:00,Z2,8287.0,109.9,519.6,-0.01923215468560302
2024-04-08 20:00:00,Z4,8539.5,69.0,827.5624999999999,-0.019145340719705084
2024-05-05 21:00:00,Z5,2250.0,59.0,763.0,-0.01905040517202794
2024-06-18 09:00:00,Z6,7639.0,130.8,549.4,-0.019038564997327923
2024-03-19 20:00:00,Z4,8539.5,75.2,821.0,-0.018809027285902613
2024-04-23 19:00:00,Z6,7521.0,137.29999999999998,739.8,-0.018794470626093962
2024-05-25 21:00:00,Z4,2518.0,38.2,812.9,-0.01871349343435713
2024-05-06 17:00:00,Z6,7556.0,137.29999999999998,548.2,-0.01855639937730358
2024-03-23 21:00:00,Z1,2023.0,61.4,827.5624999999999,-0.018552133336658172
2024-01-25 17:00:00,Z6,7810.0,137.29999999999998,581.5,-0.018401739792264005
2024-04-08 18:00:00,Z6,7595.0,137.29999999999998,760.7,-0.018364202305158672
2024-04-23 17:00:00,Z6,7623.0,137.29999999999998,568.4,-0.018303408925303466
2024-03-11 18:00:00,Z6,7372.0,137.29999999999998,741.2,-0.01805154446894286
2024-02-01 19:00:00,Z5,8539.5,123.9,727.5,-0.01802508448741602
2024-03-05 18:00:00,Z6,7931.0,137.29999999999998,744.8,-0.01796403750020592
2024-06-10 19:00:00,Z6,7872.0,137.29999999999998,719.9,-0.01795166619609556
2024-03-26 18:00:00,Z6,7293.0,137.29999999999998,740.5,-0.017850232119023035
2024-04-07 21:00:00,Z4,2824.0,43.5,827.5624999999999,-0.017620571999296564
2024-03-11 20:00:00,Z4,8539.5,85.5,827.5624999999999,-0.017592202756141262
2024-02-21 19:00:00,Z1,7815.0,96.0,827.5624999999999,-0.017483826813235126
2024-04-21 21:00:00,Z3,1826.0,53.8,778.4,-0.01730775440892074
2024-05-14 19:00:00,Z1,5659.0,78.3,827.5624999999999,-0.017256700591588237
2024-05-18 00:00:00,Z4,1603.0,42.1,696.5,-0.01718225747004043
2024-03-14 18:00:00,Z4,8539.5,76.4,827.5624999999999,-0.017098656818431146
2024-01-29 20:00:00,Z4,8539.5,65.2,827.5624999999999,-0.01707948169998097
2024-02-29 19:00:00,Z6,7811.0,137.29999999999998,728.5,-0.016989390677415783
2024-01-05 19:00:00,Z4,8539.5,58.1,827.5624999999999,-0.016969242629004788
2024-05-27 17:00:00,Z2,8376.0,93.4,543.5,-0.016847430784976858
2024-01-24 07:00:00,Z6,7882.0,137.29999999999998,586.6,-0.01676556289830622
2024-02-21 20:00:00,Z4,8539.5,67.0,827.5624999999999,-0.016750214439473554
2024-03-12 17:00:00,Z6,6734.0,137.29999999999998,581.2,-0.016581448587143277
2024-02-27 18:00:00,Z4,8539.5,69.4,827.5624999999999,-0.016310008460817538
2024-06-19 19:00:00,Z4,8539.5,59.6,819.4,-0.016240455220525418
2024-05-09 18:00:00,Z4,8539.5,66.0,827.5624999999999,-0.015921075183053635
2024-01-01 09:00:00,Z6,7969.0,137.29999999999998,561.3,-0.015874699962499905
2024-06-10 19:00:00,Z4,8539.5,70.7,827.5624999999999,-0.015670878039632075
2024-01-27 21:00:00,Z1,2035.0,55.5,827.5624999999999,-0.01566485559845021
2024-06-20 20:00:00,Z4,8539.5,69.4,827.5624999999999,-0.01566406244151497
2024-01-30 17:00:00,Z6,7811.0,137.29999999999998,558.7,-0.015644441680826904
2024-06-04 09:00:00,Z6,7213.0,135.5,546.3,-0.015385732104776229
2024-05-20 19:00:00,Z6,7797.0,137.29999999999998,727.8,-0.015215898932149696
2024-03-08 17:00:00,Z6,7149.0,136.5,536.5,-0.01520028452083344
2024-02-08 19:00:00,Z4,8539.5,90.2,827.5624999999999,-0.015154593687427442
2024-03-17 19:00:00,Z4,4235.0,41.5,827.5624999999999,-0.015114790777651876
2024-06-19 18:00:00,Z4,8539.5,71.0,822.2,-0.015100333740116434
2024-06-25 08:00:00,Z6,7846.0,137.29999999999998,556.9,-0.015079126178404456
2024-05-16 17:00:00,Z6,7016.0,133.0,506.5,-0.014966339325148903
2024-06-25 17:00:00,Z6,7204.0,137.29999999999998,534.9,-0.014954496273096307
2024-02-16 20:00:00,Z6,8162.0,137.29999999999998,759.7,-0.014932543587475755
2024-02-26 19:00:00,Z4,8539.5,78.4,827.5624999999999,-0.014922639602000798
2024-06-10 17:00:00,Z6,7460.0,137.29999999999998,534.4,-0.014903367700283443
2024-06-09 16:00:00,Z4,2428.0,31.6,645.7,-0.014880573638988759
2024-03-01 20:00:00,Z4,8539.5,81.3,827.5624999999999,-0.014805769117688605
2024-06-05 20:00:00,Z4,7865.0,57.1,827.5624999999999,-0.014602857385868862
2024-03-11 17:00:00,Z6,7360.0,137.29999999999998,526.9,-0.014571765600425057
2024-02-17 21:00:00,Z1,1983.0,50.8,827.5624999999999,-0.014487824978847375
2024-02-05 17:00:00,Z6,7562.0,137.29999999999998,524.2,-0.014327275431162079
2024-02-23 17:00:00,Z6,7658.0,133.8,553.4,-0.014230218894039415
2024-03-18 08:00:00,Z6,8064.0,137.29999999999998,636.1,-0.014136954697929194
2024-02-22 19:00:00,Z6,7654.0,137.29999999999998,704.8,-0.013928680398349935
2024-02-07 20:00:00,Z1,6928.0,88.3,827.5624999999999,-0.013883262036573862
2024-01-12 19:00:00,Z4,8539.5,80.6,784.8,-0.013847752487574083
2024-01-22 07:00:00,Z6,7102.0,137.29999999999998,571.2,-0.013819775540249601
2024-01-19 20:00:00,Z4,8539.5,58.6,810.1,-0.01360570464587052
2024-01-22 09:00:00,Z6,7446.0,136.4,552.1,-0.013573123807168352
2024-01-04 18:00:00,Z4,8120.0,66.1,827.5624999999999,-0.013524342196769235
2024-02-01 17:00:00,Z5,8539.5,119.7,575.8,-0.01348323403150442
2024-01-01 19:00:00,Z4,8539.5,69.9,826.5,-0.013406638098025447
2024-05-27 09:00:00,Z6,7901.0,137.29999999999998,603.7,-0.013351656370108489
2024-02-15 19:00:00,Z4,8539.5,83.7,827.5624999999999,-0.01324572190619222
2024-02-06 20:00:00,Z4,8539.5,79.7,827.5624999999999,-0.013089501328389375
2024-01-13 15:00:00,Z5,1806.0,47.2,573.3,-0.013086262841928598
2024-02-12 17:00:00,Z6,7731.0,131.7,540.0,-0.013038258234728706
2024-06-10 08:00:00,Z6,8175.0,137.29999999999998,550.7,-0.012739451619783959
2024-02-29 09:00:00,Z1,8539.5,124.2,664.9,-0.012712490199615845
2024-04-12 20:00:00,Z6,7343.0,132.4,773.5,-0.012672358615682944
2024-03-22 09:00:00,Z6,8048.0,137.29999999999998,588.3,-0.012652048842824004
2024-01-15 19:00:00,Z4,8539.5,82.1,824.1,-0.012648623721557284
2024-06-17 08:00:00,Z6,7705.0,137.29999999999998,554.9,-0.012600613103887048
2024-05-11 21:00:00,Z4,2804.0,45.0,827.5624999999999,-0.012550905140048307
2024-01-01 17:00:00,Z6,7527.0,137.29999999999998,529.8,-0.012537978511683256
2024-01-22 20:00:00,Z4,8539.5,81.2,827.5624999999999,-0.012444331141381437
2024-06-02 21:00:00,Z1,2214.0,56.5,827.5624999999999,-0.012424911889705959
2024-06-12 19:00:00,Z1,7677.0,94.8,827.5624999999999,-0.012405633658599813
2024-01-01 08:00:00,Z6,7674.0,137.29999999999998,533.3,-0.012362837277301031
2024-01-04 08:00:00,Z6,7284.0,137.29999999999998,551.4,-0.012074813258519335
2024-05-13 20:00:00,Z4,8539.5,84.1,827.5624999999999,-0.012056893019196324
2024-04-09 18:00:00,Z4,8539.5,70.4,827.5624999999999,-0.012011028555150127
2024-01-18 17:00:00,Z6,7849.0,137.29999999999998,545.3,-0.011941144798423009
2024-03-15 07:00:00,Z6,7900.0,137.29999999999998,649.9,-0.011893053802845555
2024-01-02 09:00:00,Z6,7816.0,137.29999999999998,539.1,-0.011829275686375484
2024-02-18 19:00:00,Z4,4619.0,41.2,816.8,-0.011779474223291397
2024-01-03 19:00:00,Z1,7044.0,93.8,827.5624999999999,-0.01154115299040026
2024-01-08 17:00:00,Z6,7208.0,120.8,540.7,-0.011417313603989787
2024-03-19 18:00:00,Z4,8539.5,77.8,827.5624999999999,-0.011254837038089716
2024-06-14 17:00:00,Z6,7279.0,137.29999999999998,535.0,-0.011156146668253819
2024-05-10 07:00:00,Z1,8539.5,122.5,704.6,-0.011073725988529404
2024-05-14 20:00:00,Z1,7763.0,102.1,827.5624999999999,-0.011027417241428639
2024-02-26 07:00:00,Z6,8101.0,137.29999999999998,605.6,-0.011027158552513128
2024-06-28 19:00:00,Z4,8539.5,60.2,816.7,-0.010877361570049593
2024-06-13 20:00:00,Z4,8539.5,84.4,804.6,-0.010860025781312066
2024-03-02 21:00:00,Z1,2025.0,53.0,827.5624999999999,-0.010857543902632494
2024-02-25 20:00:00,Z4,4699.0,32.2,824.7,-0.010797326800956686
2024-02-21 21:00:00,Z4,4885.0,61.3,824.4,-0.010770681144426586
2024-01-15 20:00:00,Z4,8539.5,88.4,827.5624999999999,-0.010729439318207912
2024-02-27 17:00:00,Z6,7826.0,137.29999999999998,539.7,-0.010728310781321637
2024-04-12 20:00:00,Z1,6273.0,85.5,827.5624999999999,-0.010632787046237602
2024-03-26 18:00:00,Z4,8539.5,83.4,827.5624999999999,-0.010578124881555073
2024-06-05 17:00:00,Z6,7566.0,137.29999999999998,536.1,-0.010561393649658024
2024-02-15 20:00:00,Z4,8539.5,82.6,827.5624999999999,-0.010529419616918667
2024-04-09 19:00:00,Z4,8539.5,80.7,819.7,-0.010449789331961834
2024-04-15 18:00:00,Z4,8539.5,69.7,822.4,-0.010442376235770268
2024-02-02 19:00:00,Z1,7749.0,107.0,827.5624999999999,-0.010397324350173598
2024-05-13 17:00:00,Z6,7651.0,137.29999999999998,534.5,-0.010377698710012262
2024-02-20 19:00:00,Z4,8539.5,71.2,827.5624999999999,-0.010292718026343017
2024-04-04 19:00:00,Z6,7928.0,137.29999999999998,740.6,-0.010200888970537059
2024-06-14 18:00:00,Z4,8539.5,89.1,813.5,-0.010198812875625629
2024-05-16 19:00:00,Z4,7643.0,53.2,827.3,-0.01017633162763476
2024-06-18 21:00:00,Z4,5506.0,36.0,827.5624999999999,-0.010173699835431815
2024-02-06 19:00:00,Z6,7329.0,137.29999999999998,729.9,-0.01015335667631112
2024-04-17 20:00:00,Z4,8539.5,81.9,822.5,-0.010071582237307308
2024-03-14 18:00:00,Z1,6598.0,82.5,827.5624999999999,-0.010022325919713304
2024-05-23 18:00:00,Z1,8186.0,109.3,827.5624999999999,-0.009895813981955937
2024-05-07 18:00:00,Z4,8481.0,68.1,827.5624999999999,-0.009869237827237587
2024-02-17 21:00:00,Z4,3039.0,47.8,827.5624999999999,-0.00986719451453344
2024-01-18 20:00:00,Z4,8539.5,77.0,812.7,-0.0098415471841089
2024-02-21 18:00:00,Z4,8539.5,72.9,804.8,-0.009823867971275213
2024-01-20 21:00:00,Z1,2031.0,61.2,827.5624999999999,-0.009807674574421998
2024-06-26 20:00:00,Z4,8539.5,67.8,808.0,-0.009765691000764631
2024-01-18 08:00:00,Z6,7558.0,137.29999999999998,594.8,-0.009754345832629019
2024-03-20 19:00:00,Z4,8539.5,80.4,827.5624999999999,-0.009749526853352397
2024-04-16 18:00:00,Z4,8539.5,65.3,798.5,-0.009674604665403375
2024-02-15 18:00:00,Z1,7914.0,104.4,827.5624999999999,-0.00954212185668224
2024-06-13 17:00:00,Z6,7846.0,137.29999999999998,584.1,-0.009514911556036676
2024-02-01 19:00:00,Z4,8539.5,78.1,827.5624999999999,-0.009452510070284137
2024-06-19 20:00:00,Z6,8230.0,137.29999999999998,718.9,-0.009380885265555694
2024-01-11 19:00:00,Z4,8539.5,85.6,827.5624999999999,-0.009370254668399247
2024-05-04 21:00:00,Z1,1797.0,58.7,810.8,-0.009340614054050733
2024-03-29 18:00:00,Z4,8539.5,63.0,824.2,-0.00909315799180388
2024-03-05 20:00:00,Z4,8539.5,80.1,827.5624999999999,-0.009058839904806049
2024-01-27 21:00:00,Z4,3398.0,43.1,827.5624999999999,-0.009034923165872066
2024-04-23 20:00:00,Z4,8539.5,82.9,827.5624999999999,-0.00899707560836982
2024-01-24 19:00:00,Z4,8539.5,83.8,806.9,-0.008954255619590623
2024-01-05 09:00:00,Z6,6752.0,134.5,543.8,-0.0089258668666935
2024-01-02 20:00:00,Z4,8347.0,58.8,827.5624999999999,-0.008925679022213862
2024-06-06 18:00:00,Z6,7113.0,137.29999999999998,720.4,-0.008918186956555108
2024-05-14 17:00:00,Z6,7888.0,137.29999999999998,542.5,-0.008907029836591862
2024-04-01 18:00:00,Z1,7665.0,109.5,827.5624999999999,-0.008777640961579847
2024-04-10 19:00:00,Z4,8539.5,68.9,827.5624999999999,-0.008763270731352746
2024-04-30 19:00:00,Z4,8539.5,65.7,827.5624999999999,-0.008646487502631306
2024-04-24 20:00:00,Z3,4810.0,90.8,806.4,-0.008611018519231406
2024-04-03 18:00:00,Z1,7175.0,94.2,827.5624999999999,-0.008599797082240235
2024-02-08 18:00:00,Z6,7417.0,137.29999999999998,737.1,-0.00857462754340299
2024-04-12 18:00:00,Z1,7476.0,99.6,827.5624999999999,-0.008514662398377615
2024-04-02 18:00:00,Z6,8008.0,136.2,763.6,-0.00847540022730664
2024-05-20 19:00:00,Z4,8539.5,70.8,824.4,-0.008443177779114741
2024-03-22 20:00:00,Z4,8539.5,70.6,827.5624999999999,-0.008363854777469593
2024-02-29 09:00:00,Z6,7367.0,137.29999999999998,595.7,-0.008290432145448223
2024-02-05 18:00:00,Z4,8027.0,62.4,827.5624999999999,-0.008266655053974836
2024-05-07 19:00:00,Z4,8539.5,85.1,827.5624999999999,-0.00825480670792944
2024-01-04 07:00:00,Z6,7198.0,137.29999999999998,536.9,-0.008247099123066648
2024-02-29 17:00:00,Z6,7830.0,137.29999999999998,546.8,-0.008125185802761337
2024-05-18 21:00:00,Z4,3186.0,52.8,827.5624999999999,-0.00798263790406517
2024-05-31 18:00:00,Z4,8539.5,63.9,827.5624999999999,-0.00789295700775694
2024-06-13 07:00:00,Z6,7654.0,137.29999999999998,536.3,-0.00788331841358747
2024-04-10 18:00:00,Z6,6962.0,137.29999999999998,731.3,-0.007842002402350001
2024-05-22 20:00:00,Z4,8539.5,79.6,827.5624999999999,-0.007827557574027089
2024-01-18 18:00:00,Z6,8492.0,137.29999999999998,722.9,-0.007802992026337829
2024-02-26 20:00:00,Z3,7070.0,122.9,778.6,-0.00779365844609381
2024-01-28 13:00:00,Z5,1499.0,39.0,565.9,-0.00776272988701554
2024-01-26 20:00:00,Z6,7363.0,137.29999999999998,702.9,-0.0077625565639831695
2024-06-20 18:00:00,Z4,8539.5,59.9,827.5624999999999,-0.007752730917226502
2024-05-24 20:00:00,Z1,7817.0,107.8,820.2,-0.007750508480564355
2024-03-21 17:00:00,Z6,7359.0,137.29999999999998,561.6,-0.007712890230599512
2024-05-01 20:00:00,Z6,7165.0,137.29999999999998,732.7,-0.00766347454070504
2024-02-28 18:00:00,Z4,8539.5,73.1,827.5624999999999,-0.007589140356396351
2024-03-20 19:00:00,Z1,7599.0,106.3,827.5624999999999,-0.0075886042072664806
2024-03-10 21:00:00,Z5,1720.0,57.9,788.7,-0.007584460389798764
2024-05-10 09:00:00,Z1,8539.5,120.2,708.3,-0.00758001915563844
2024-03-02 22:00:00,Z4,2508.0,36.5,622.0,-0.007562384143341094
2024-04-05 19:00:00,Z4,8539.5,74.6,802.7,-0.007479230767430178
2024-03-29 17:00:00,Z6,7702.0,137.29999999999998,586.0,-0.007457181842799643
2024-01-23 19:00:00,Z4,4995.0,31.6,827.5624999999999,-0.007407955863046434
2024-01-05 18:00:00,Z6,7595.0,136.2,709.5,-0.007397418877529316
2024-03-11 20:00:00,Z2,8539.5,117.3,800.9,-0.007378548238029081
2024-05-27 17:00:00,Z6,7760.0,137.29999999999998,574.4,-0.007372373387702025
2024-04-08 20:00:00,Z5,7922.0,86.4,773.3,-0.0073472061146292456
2024-06-17 20:00:00,Z6,8091.0,137.29999999999998,706.6,-0.007316899415386158
2024-02-15 08:00:00,Z6,7646.0,137.29999999999998,606.7,-0.00725693796946103
2024-03-03 21:00:00,Z4,3273.0,47.5,827.5624999999999,-0.0072039756748186745
2024-03-14 07:00:00,Z4,8539.5,74.4,759.4,-0.007197628810605927
2024-01-16 19:00:00,Z4,8539.5,84.7,813.5,-0.007164069137168605
2024-01-08 20:00:00,Z4,8539.5,72.5,808.5,-0.007143114377365922
2024-05-01 18:00:00,Z1,7991.0,108.5,821.7,-0.007123281732631437
2024-06-11 17:00:00,Z6,7101.0,137.2,538.0,-0.007100600423734504
2024-04-21 02:00:00,Z4,2996.0,35.2,696.0,-0.007052813022323967
2024-03-01 18:00:00,Z6,8035.0,137.29999999999998,754.8,-0.0069677087165952445
2024-05-17 18:00:00,Z6,7278.0,137.29999999999998,699.1,-0.006954121923637757
2024-01-03 18:00:00,Z4,8539.5,83.6,819.1,-0.006942052689380973
2024-04-22 19:00:00,Z4,8539.5,79.5,827.5624999999999,-0.006854122763842563
2024-05-28 18:00:00,Z4,8539.5,71.0,789.8,-0.006842783233272587
2024-03-14 20:00:00,Z1,7572.0,102.4,827.5624999999999,-0.006770440854821258
2024-03-19 17:00:00,Z6,7427.0,137.29999999999998,554.5,-0.006742580980047652
2024-06-24 17:00:00,Z6,6898.0,135.5,540.3,-0.006668533440519542
2024-06-21 20:00:00,Z6,7947.0,137.29999999999998,753.0,-0.006642194980843952
2024-03-22 18:00:00,Z4,8539.5,69.7,827.5624999999999,-0.006552380564605165
2024-02-17 21:00:00,Z3,1538.0,65.3,745.5,-0.006418026740469651
2024-01-28 01:00:00,Z4,2393.0,36.9,670.7,-0.006381752958881215
2024-05-07 17:00:00,Z6,7027.0,137.29999999999998,546.6,-0.0063747462137850874
2024-01-15 17:00:00,Z6,7752.0,137.29999999999998,542.4,-0.006291767707293783
2024-02-01 20:00:00,Z4,8539.5,86.2,817.0,-0.006270031462840442
2024-04-15 08:00:00,Z4,8539.5,70.3,730.9,-0.006247175711129205
2024-05-02 20:00:00,Z4,8539.5,88.5,823.9,-0.006241253363814314
2024-03-08 18:00:00,Z4,8539.5,82.4,827.5624999999999,-0.006218419647114448
2024-03-27 19:00:00,Z6,7505.0,137.29999999999998,709.0,-0.006209092738216904
2024-04-06 21:00:00,Z3,1656.0,73.5,796.1,-0.006175403186651995
2024-05-02 17:00:00,Z6,7536.0,137.29999999999998,561.8,-0.006143463066302535
2024-03-02 19:00:00,Z4,5022.0,38.3,827.5624999999999,-0.006127808267605617
2024-05-16 09:00:00,Z6,7540.0,134.5,599.4,-0.006108983637354348
2024-04-22 20:00:00,Z6,7400.0,137.29999999999998,706.4,-0.0059619440376895705
2024-02-19 20:00:00,Z6,7719.0,137.29999999999998,713.2,-0.00593920448753571
2024-06-12 17:00:00,Z6,7713.0,137.29999999999998,546.2,-0.005926308878490216
2024-01-23 08:00:00,Z6,8139.0,137.29999999999998,567.7,-0.005844779311545922
2024-03-11 08:00:00,Z6,7616.0,137.29999999999998,647.2,-0.005803340300591375
2024-06-07 18:00:00,Z6,8390.0,137.29999999999998,726.1,-0.005789699411141158
2024-03-13 07:00:00,Z6,8250.0,137.29999999999998,627.8,-0.0057571143650534395
2024-03-29 20:00:00,Z4,8539.5,74.2,827.5624999999999,-0.005747621327431229
2024-06-18 08:00:00,Z6,8244.0,137.29999999999998,572.1,-0.005715902185216337
2024-02-10 03:00:00,Z4,1620.0,31.4,688.9,-0.005708110185296045
2024-02-29 18:00:00,Z4,8539.5,79.3,827.5624999999999,-0.005687235877291252
2024-03-25 20:00:00,Z4,8539.5,81.6,827.5624999999999,-0.00556298811865874
2024-02-26 18:00:00,Z4,8539.5,60.9,827.5624999999999,-0.0054528965708140475
2024-01-06 19:00:00,Z4,5400.0,39.7,806.8,-0.005447711184692006
2024-04-22 18:00:00,Z6,7535.0,137.29999999999998,748.0,-0.005427500780115335
2024-04-08 07:00:00,Z6,7693.0,137.29999999999998,643.0,-0.005402901818468697
2024-02-23 19:00:00,Z4,8539.5,82.6,827.5624999999999,-0.005304398132077948
2024-02-23 18:00:00,Z4,8539.5,63.5,827.5624999999999,-0.005296202499276204
2024-06-21 07:00:00,Z6,7754.0,137.29999999999998,563.4,-0.0051776782463803794
2024-04-18 18:00:00,Z6,7411.0,137.29999999999998,737.0,-0.005177043972557471
2024-05-31 20:00:00,Z4,8539.5,67.0,804.3,-0.005174256814239442
2024-06-03 21:00:00,Z4,8174.0,69.1,827.5624999999999,-0.005134050313851057
2024-04-29 18:00:00,Z6,7781.0,137.29999999999998,757.5,-0.005061421434996105
2024-01-31 20:00:00,Z4,8539.5,76.1,810.3,-0.004919735619200005
2024-02-01 20:00:00,Z1,7323.0,99.3,827.5624999999999,-0.00490595050102538
2024-03-10 21:00:00,Z3,1929.0,64.7,806.5,-0.0047994388129857235
2024-01-01 20:00:00,Z4,8539.5,85.2,806.4,-0.004776941867426054
2024-05-15 18:00:00,Z6,7726.0,137.29999999999998,734.9,-0.004772536077380485
2024-03-27 20:00:00,Z4,8539.5,85.6,827.5624999999999,-0.004668164307880196
2024-02-20 21:00:00,Z4,3880.0,33.9,827.5624999999999,-0.004624380321464838
2024-03-25 18:00:00,Z3,5665.0,97.5,776.8,-0.004593545685169675
2024-01-24 20:00:00,Z6,7133.0,137.29999999999998,716.2,-0.004580352952062605
2024-02-29 20:00:00,Z4,8469.0,63.7,822.2,-0.004530571968457298
2024-06-17 19:00:00,Z6,7543.0,135.9,727.1,-0.004484472093008507
2024-02-10 05:00:00,Z1,1423.0,41.2,735.3,-0.004392950926985328
2024-06-10 19:00:00,Z1,7301.0,96.0,827.5624999999999,-0.004376463285425958
2024-05-09 19:00:00,Z2,8477.0,111.7,745.0,-0.004369094011979269
2024-06-07 07:00:00,Z2,8489.0,111.2,562.5,-0.004276152191339255
2024-05-30 19:00:00,Z4,8314.0,79.8,817.0,-0.0042478244253993935
2024-05-20 20:00:00,Z1,7819.0,117.3,827.5624999999999,-0.004072229249413195
2024-03-10 20:00:00,Z4,6225.0,56.8,827.5624999999999,-0.0040312149305024025
2024-05-23 07:00:00,Z4,8539.5,70.0,698.5,-0.004024307978707009
2024-06-20 19:00:00,Z6,7483.0,137.29999999999998,719.9,-0.004000199526512982
2024-01-02 17:00:00,Z6,7158.0,137.29999999999998,541.1,-0.003980913900319183
2024-05-01 21:00:00,Z4,5450.0,55.1,827.5624999999999,-0.003972705794256126
2024-01-15 07:00:00,Z6,7604.0,137.29999999999998,570.0,-0.0039705212240825905
2024-06-27 09:00:00,Z3,6268.0,119.6,550.8,-0.0038362135869045577
2024-06-18 18:00:00,Z3,6650.0,119.4,769.5,-0.0038312685397760005
2024-03-19 19:00:00,Z6,7924.0,137.29999999999998,754.7,-0.0037859507514163004
2024-02-23 08:00:00,Z6,7562.0,137.29999999999998,623.5,-0.0037419462394016056
2024-06-10 18:00:00,Z4,8539.5,85.0,827.5624999999999,-0.0036935118358567554
2024-03-08 09:00:00,Z6,8174.0,137.29999999999998,604.5,-0.0036704309063020357
2024-03-25 18:00:00,Z4,8085.0,65.9,827.5624999999999,-0.0036644247135160235
2024-01-09 17:00:00,Z6,7831.0,137.29999999999998,552.0,-0.003663254676779304
2024-06-20 19:00:00,Z4,8539.5,74.2,823.5,-0.003661469783118876
2024-06-04 18:00:00,Z4,8539.5,73.4,827.5624999999999,-0.003641472662630374
2024-04-30 19:00:00,Z6,6883.0,133.8,724.8,-0.0035020151446929493
2024-02-15 17:00:00,Z6,7779.0,137.29999999999998,564.4,-0.0034587063553672692
2024-01-17 09:00:00,Z4,8539.5,65.9,672.9,-0.003424061114888022
2024-04-23 18:00:00,Z4,8308.0,86.1,827.5624999999999,-0.003404426047396103
2024-03-21 19:00:00,Z1,7373.0,105.1,827.5624999999999,-0.003281528077122231
2024-04-16 19:00:00,Z6,7343.0,137.29999999999998,737.6,-0.0032782715038266463
2024-03-29 18:00:00,Z3,6454.0,130.2,779.6,-0.003265252579931821
2024-05-15 07:00:00,Z6,8150.0,137.29999999999998,611.3,-0.003240696234223961
2024-05-29 18:00:00,Z4,8539.5,83.9,807.5,-0.0030368761976807823
2024-06-09 10:00:00,Z2,1924.0,38.6,554.8,-0.0028868164686092213
2024-05-31 21:00:00,Z4,4834.0,40.8,827.5624999999999,-0.0028859628431838757
2024-03-12 20:00:00,Z4,8539.5,80.0,827.5624999999999,-0.002805718254860423
2024-03-04 17:00:00,Z6,7141.0,125.7,534.9,-0.0027840255861305563
2024-02-06 20:00:00,Z1,7531.0,120.5,827.5624999999999,-0.002713105775952851
2024-04-05 20:00:00,Z6,7335.0,137.29999999999998,758.2,-0.002501746391769588
2024-06-16 10:00:00,Z3,1222.0,29.8,576.7,-0.002374216628173831
2024-02-14 18:00:00,Z4,8539.5,68.4,817.7,-0.0023243230659890646
2024-05-25 21:00:00,Z1,1890.0,51.0,827.5624999999999,-0.0022736334442078343
2024-04-04 18:00:00,Z6,7720.0,137.29999999999998,741.7,-0.0022404957553872062
2024-06-23 17:00:00,Z4,3194.0,22.1,624.4,-0.0021957239504524217
2024-05-29 08:00:00,Z6,7829.0,137.29999999999998,572.7,-0.0021656163717148624
2024-02-06 17:00:00,Z6,6850.0,131.3,556.8,-0.0021244042465676793
2024-02-08 20:00:00,Z6,7008.0,137.0,698.3,-0.00208146259983355
2024-06-11 08:00:00,Z2,8539.5,120.9,581.2,-0.0020054134774494248
2024-04-28 04:00:00,Z1,1871.0,57.2,733.3,-0.0019898173798619245
2024-03-17 21:00:00,Z4,2843.0,51.3,827.5624999999999,-0.0019882671518115513
2024-01-05 17:00:00,Z6,7376.0,137.29999999999998,558.1,-0.001957934594777555
2024-01-09 20:00:00,Z6,7200.0,137.29999999999998,729.3,-0.0019198991844020519
2024-01-26 20:00:00,Z4,8539.5,66.0,827.5624999999999,-0.001904276161847962
2024-03-30 03:00:00,Z4,2230.0,28.0,680.9,-0.0018990458690703038
2024-02-05 20:00:00,Z6,7024.0,137.29999999999998,686.2,-0.0018215568096013879
2024-05-16 20:00:00,Z4,8539.5,63.1,820.4,-0.0018146363199254
2024-04-12 19:00:00,Z4,8539.5,63.7,827.5624999999999,-0.0016945892423450015
2024-02-16 17:00:00,Z6,6811.0,128.9,537.8,-0.0016433217240057196
2024-06-01 10:00:00,Z4,2072.0,32.6,665.7,-0.0016086710693681283
2024-05-17 20:00:00,Z4,8539.5,76.7,827.5624999999999,-0.0015900987734263072
2024-04-04 20:00:00,Z5,8132.0,95.0,787.2,-0.0015899825653024058
2024-01-16 09:00:00,Z6,7387.0,137.29999999999998,584.4,-0.0014399590149009045
2024-06-24 08:00:00,Z6,7618.0,137.29999999999998,565.0,-0.0014269449601734818
2024-05-13 20:00:00,Z6,8221.0,137.29999999999998,717.5,-0.0013743537958219587
2024-03-30 10:00:00,Z4,2058.0,39.5,691.0,-0.0013715742810190834
2024-06-17 20:00:00,Z1,7257.0,103.4,827.5624999999999,-0.0013650919064844835
2024-06-27 20:00:00,Z4,8539.5,78.5,817.6,-0.0013612795687596435
2024-04-17 17:00:00,Z6,7117.0,131.9,542.2,-0.001302804724212403
2024-03-13 08:00:00,Z6,7647.0,137.29999999999998,572.8,-0.0012613949691232529
2024-01-28 21:00:00,Z4,2745.0,39.8,796.9,-0.0012509725620023504
2024-01-29 17:00:00,Z6,7544.0,137.29999999999998,545.2,-0.0011981956924139725
2024-02-15 19:00:00,Z1,7401.0,104.5,827.5624999999999,-0.001183120747511146
2024-04-05 20:00:00,Z5,7936.0,101.0,802.5,-0.0011164316889943349
2024-01-04 17:00:00,Z6,7449.0,137.29999999999998,544.3,-0.0010241074785841686
2024-05-01 20:00:00,Z1,7545.0,103.1,820.8,-0.0010108207149587267
2024-03-31 21:00:00,Z3,1900.0,76.9,790.8,-0.0009263435217725657
2024-01-02 17:00:00,Z2,8464.0,116.5,543.3,-0.000922368756895775
2024-05-28 20:00:00,Z4,8539.5,79.0,824.6,-0.0008870580478712586
2024-02-21 20:00:00,Z1,7364.0,117.4,827.5624999999999,-0.0008556239812872457
2024-02-13 17:00:00,Z6,7953.0,137.29999999999998,556.1,-0.0008207511850746307
2024-03-05 19:00:00,Z4,8303.0,69.5,827.4,-0.0008172165303999002
2024-06-10 20:00:00,Z6,7423.0,137.29999999999998,688.9,-0.0008046413845800293
2024-04-29 17:00:00,Z2,8539.5,113.5,540.0,-0.0007371086610814537
2024-06-19 07:00:00,Z2,8539.5,117.9,568.1,-0.0007129723569462287
2024-01-14 20:00:00,Z4,5963.0,45.4,810.6,-0.0006426705883499917
2024-05-20 17:00:00,Z6,7262.0,132.0,541.0,-0.0006227181006049909
2024-02-09 19:00:00,Z4,8539.5,70.5,815.5,-0.0006226735551067009
2024-05-21 19:00:00,Z4,8539.5,73.5,796.9,-0.0006209678483775072
2024-06-06 17:00:00,Z6,6971.0,137.29999999999998,550.4,-0.0006176044456172036
2024-03-10 19:00:00,Z4,5093.0,38.7,827.5624999999999,-0.000581542133212154
2024-06-03 09:00:00,Z6,7439.0,137.29999999999998,561.8,-0.0005624485599192708
2024-02-02 18:00:00,Z4,8539.5,66.8,827.5624999999999,-0.0005593536503790686
2024-01-17 20:00:00,Z6,7145.0,137.29999999999998,739.0,-0.0005044051562969054
2024-01-02 18:00:00,Z4,8539.5,78.6,801.7,-0.0004856438402084384
2024-05-23 17:00:00,Z6,7337.0,137.29999999999998,544.7,-0.00043295874032223125
2024-05-30 20:00:00,Z4,8539.5,68.5,798.5,-0.00038019242986531143
2024-06-20 09:00:00,Z6,7395.0,132.3,548.9,-0.0003428266606383401
2024-01-31 18:00:00,Z6,8339.0,137.29999999999998,731.3,-0.0002702904539192419
2024-04-10 18:00:00,Z4,8539.5,72.0,823.7,-0.0002526094515773458
2024-01-30 20:00:00,Z4,8539.5,66.9,827.5624999999999,-0.00022059288465658966
2024-01-01 17:00:00,Z2,8073.0,116.6,549.8,-0.00018284806197821357
2024-06-03 09:00:00,Z4,8539.5,65.3,675.3,-0.00011837348786258861
2024-03-10 21:00:00,Z1,2105.0,65.6,827.5624999999999,-7.987338878079342e-05
2024-01-24 20:00:00,Z5,8539.5,103.4,762.2,-4.858011688990693e-05
2024-03-05 20:00:00,Z2,8231.0,97.3,766.8,-1.2284746197188667e-05
